{"cameraMode":{"drawMode":0,"name":"Shaded","section":"Shading Mode"},"sceneLighting":true,"audioPlay":false,"sceneViewState":{"m_AlwaysRefresh":false,"showFog":true,"showSkybox":true,"showFlares":true,"showImageEffects":true,"showParticleSystems":true,"showVisualEffectGraphs":true,"m_FxEnabled":true},"in2DMode":false,"pivot":{"x":40.63971710205078,"y":-12.153014183044434,"z":49.83324432373047},"rotation":{"x":0.0986776277422905,"y":0.24574147164821626,"z":-0.025129633024334909,"w":0.9639951586723328},"size":44.429481506347659,"orthographic":false}