{"cameraMode":{"drawMode":0,"name":"Shaded","section":"Shading Mode"},"sceneLighting":false,"audioPlay":false,"sceneViewState":{"m_AlwaysRefresh":false,"showFog":true,"showSkybox":false,"showFlares":true,"showImageEffects":true,"showParticleSystems":true,"showVisualEffectGraphs":true,"m_FxEnabled":true},"in2DMode":false,"pivot":{"x":4.115598678588867,"y":1.3500100374221802,"z":0.41467297077178957},"rotation":{"x":0.3191472887992859,"y":0.06023922190070152,"z":-0.020281586796045305,"w":0.9455916881561279},"size":1.3546833992004395,"orthographic":false}